{
    "loss": 0.22837206721305847,
    "accuracy": 0.935251772403717
}